prev	A	C	D	E	F	G	H	I	K	L	M	N	P	Q	R	S	T	V	W	Y
A	0.10306	0.01879	0.04160	0.07012	0.03619	0.06917	0.02185	0.03875	0.05067	0.10377	0.01968	0.02839	0.05993	0.04842	0.05282	0.08254	0.05185	0.06922	0.01166	0.02151
C	0.05736	0.02900	0.04599	0.05971	0.03869	0.07620	0.03058	0.04361	0.05128	0.10362	0.01648	0.03433	0.06287	0.05019	0.06087	0.08857	0.04886	0.06109	0.01384	0.02686
D	0.06073	0.02033	0.05689	0.07337	0.04373	0.06872	0.02271	0.05229	0.05175	0.10318	0.02154	0.03273	0.06016	0.03858	0.04979	0.08470	0.05200	0.06411	0.01293	0.02976
E	0.07481	0.01803	0.06424	0.11475	0.02827	0.05841	0.02086	0.04311	0.07536	0.09133	0.02213	0.04299	0.04523	0.04553	0.05707	0.05990	0.04735	0.05908	0.00957	0.02198
F	0.05552	0.02480	0.04821	0.05725	0.04167	0.06382	0.02954	0.04811	0.04941	0.11210	0.01920	0.03581	0.05569	0.05108	0.05416	0.09353	0.05537	0.05828	0.01357	0.03289
G	0.07230	0.01883	0.04956	0.06306	0.03714	0.07918	0.02694	0.04184	0.05765	0.09176	0.01924	0.03509	0.06655	0.04360	0.05755	0.08806	0.05590	0.05710	0.01198	0.02666
H	0.05444	0.02780	0.03498	0.05326	0.04140	0.06186	0.03411	0.04756	0.04963	0.11354	0.02038	0.03260	0.06502	0.05068	0.06295	0.08789	0.05662	0.06081	0.01363	0.03085
I	0.05977	0.02401	0.04618	0.06050	0.04183	0.05102	0.03027	0.05291	0.06072	0.10351	0.02067	0.04112	0.06014	0.05322	0.05539	0.08261	0.05766	0.05677	0.01135	0.03035
K	0.07141	0.01860	0.05542	0.09008	0.02944	0.05594	0.02365	0.04746	0.08252	0.09014	0.02301	0.04031	0.05319	0.04562	0.05711	0.06499	0.05353	0.06049	0.01011	0.02699
L	0.06999	0.02144	0.04802	0.07397	0.03401	0.06090	0.02677	0.03801	0.05866	0.11144	0.01816	0.03463	0.06127	0.06016	0.06099	0.07871	0.05007	0.05570	0.01179	0.02533
M	0.09490	0.01733	0.05962	0.08876	0.03366	0.06109	0.02143	0.03787	0.06635	0.09109	0.02429	0.04025	0.04985	0.04338	0.04811	0.07195	0.05161	0.06335	0.01085	0.02426
N	0.05675	0.02155	0.04195	0.06175	0.04081	0.06854	0.02565	0.05776	0.05993	0.10153	0.02262	0.04121	0.05970	0.04660	0.05127	0.08351	0.05430	0.06083	0.01284	0.03089
P	0.08002	0.01739	0.04546	0.07364	0.02995	0.08864	0.02310	0.03014	0.04516	0.08518	0.01508	0.02876	0.09687	0.04631	0.05475	0.09103	0.05024	0.06381	0.01147	0.02300
Q	0.07653	0.01898	0.04996	0.08454	0.02889	0.05907	0.02664	0.04091	0.06227	0.10027	0.02162	0.03737	0.05951	0.06781	0.06148	0.06276	0.04716	0.05878	0.01172	0.02373
R	0.07016	0.02089	0.04971	0.07222	0.03306	0.06592	0.02647	0.04235	0.06529	0.09861	0.01965	0.03679	0.05688	0.04758	0.07722	0.07402	0.04902	0.05616	0.01261	0.02541
S	0.06679	0.02125	0.04673	0.06394	0.03567	0.06846	0.02492	0.03723	0.04863	0.09873	0.01698	0.03167	0.07181	0.04721	0.05610	0.11258	0.05511	0.05888	0.01312	0.02420
T	0.07171	0.02284	0.04710	0.06749	0.03810	0.06898	0.02398	0.04275	0.04903	0.09912	0.01921	0.03205	0.07012	0.04368	0.04668	0.08911	0.05855	0.07093	0.01274	0.02584
V	0.07290	0.02223	0.05023	0.06589	0.03840	0.05725	0.02515	0.04693	0.05642	0.10329	0.02006	0.03623	0.06121	0.04607	0.05030	0.07906	0.06355	0.06666	0.01181	0.02636
W	0.06826	0.02108	0.05630	0.06896	0.03552	0.06182	0.02477	0.04447	0.06688	0.10256	0.02335	0.04400	0.04494	0.04489	0.06214	0.07392	0.05574	0.05579	0.01690	0.02772
Y	0.05274	0.02420	0.04919	0.06465	0.04476	0.06555	0.02763	0.05071	0.05726	0.09976	0.02086	0.04086	0.04880	0.04831	0.06136	0.08156	0.05350	0.05936	0.01348	0.03548
